Subreactor,Growth Rates,Doubling_time(min)
reactorA,0.015756153123418742,43.99215818293263
reactorB,0.017497067409296362,39.61504887337117
reactorC,0.018300561736889803,37.87573247889528
reactorD,0.01814716049978008,38.19590291100061
