Subreactor,Growth Rates,Doubling_time(min)
reactorA,0.015760997435072394,43.978636721144895
reactorB,0.016860619269391034,41.11042242785784
reactorC,0.017555950990597556,39.482177919679444
reactorD,0.01742932792314588,39.7690136771973
