Subreactor,Growth Rates,Doubling_time(min)
reactorA,0.025867715112038808,26.79584097620417
reactorB,0.03312328269261663,20.92628279003433
reactorC,0.031543116931616356,21.974593762013058
reactorD,0.04716807624464013,14.695260772665282
